slug,name,difficulty,km,lat,lon,province
los-gigantes,Los Gigantes,hard,14.5,-31.39,-64.81,Cordoba
champaqui-san-javier,Cerro Champaqui desde San Javier,hard,22.0,-31.99,-64.94,Cordoba
quebrada-del-condorito,Quebrada del Condorito,moderate,9.0,-31.64,-64.72,Cordoba
cerro-uritorco,Cerro Uritorco,moderate,11.0,-30.83,-64.47,Cordoba
los-terrones,Parque Los Terrones,easy,4.5,-30.79,-64.37,Cordoba
cascada-los-helechos,Cascada de los Helechos,easy,3.0,-31.05,-64.51,Cordoba
cerro-pan-de-azucar,Cerro Pan de Azucar,easy,2.5,-31.23,-64.43,Cordoba
arroyo-la-cascada,Arroyo La Cascada,easy,5.0,-31.95,-64.95,Cordoba
cerro-arco,Cerro Arco,moderate,10.0,-32.85,-68.93,Mendoza
cordon-del-plata-salto,Cordon del Plata - El Salto,moderate,8.0,-32.95,-69.23,Mendoza
aconcagua-confluencia,Aconcagua - Confluencia,moderate,16.0,-32.82,-69.94,Mendoza
cerro-penitentes,Cerro Penitentes,hard,12.0,-32.84,-69.86,Mendoza
